insert into USERS (id, name, discord_id, disabled) values 
(1, 'Athou', '111098757910683648', false),
(2, 'Batto', '111506271345082368', false),
(3, 'Koin', '106015318253531136', false),
(4, 'FakeUser1', '000', false),
(5, 'FakeUser2', '000', false),
(6, 'FakeUser3', '000', false),
(7, 'FakeUser4', '000', false),
(8, 'FakeUser5', '000', false),
(9, 'FakeUser6', '000', false),
(10, 'FakeUser7', '000', false),
(11, 'FakeUser8', '000', false),
(12, 'FakeUser9', '000', false),
(13, 'FakeUser10', '000', false),
(14, 'FakeUser11', '000', false),
(15, 'FakeUser12', '000', false),
(16, 'FakeUser13', '000', false),
(17, 'FakeUser14', '000', false),
(18, 'FakeUser15', '000', false);

insert into USER_CHARACTERS (id, name, spec, main, user_id) values
(1, 'Athou', 'DRUID_RESTO', true, 1),
(2, 'Elefgé', 'WARRIOR_DPS', false, 1),
(3, 'Xérouki', 'ROGUE', true, 2),
(4, 'Knaff', 'PALADIN_HEAL', false, 2),
(5, 'Koin', 'WARRIOR_DPS', true, 3),
(6, 'Lapewf', 'PALADIN_HEAL', false, 3),
(7, 'Harmen', 'PALADIN_HEAL', true, 4),
(8, 'Whitmore', 'PALADIN_HEAL', true, 5),
(9, 'Albin', 'PRIEST_HEAL', false, 4),
(10, 'Santiago', 'PRIEST_HEAL', false, 7),
(11, 'Berkeley', 'DRUID_RESTO', false, 8),
(12, 'Ross', 'DRUID_CAT', false, 9),
(13, 'Alwyn', 'ROGUE', false, 10),
(14, 'Armando', 'ROGUE', false, 11),
(15, 'Spyridon', 'WARRIOR_DPS', false, 12),
(16, 'Pearson', 'WARRIOR_DPS', false, 13),
(17, 'Shepherd', 'MAGE', false, 14),
(18, 'Raoul', 'MAGE', false, 15),
(19, 'Oswell', 'WARLOCK', false, 16),
(20, 'Swail', 'WARLOCK', false, 17),
(21, 'Ramsey', 'HUNTER', false, 18);

insert into RAIDS (id, date, comment, raid_type, discord_text_channel_id) values
(1, DATEADD(DAY, 1, CURRENT_DATE()), 'Tout le monde à l''heure dans l''instance', 'BLACKWING_LAIR', '0');

insert into RAID_SUBSCRIPTIONS (raid_id, user_id, response, character_id, date) values
(1, 4, 'PRESENT', 9, '2020-01-01'),
(1, 5, 'PRESENT', 8, '2020-01-02'),
(1, 7, 'LATE', null, '2020-01-03'),
(1, 8, 'PRESENT', 11, '2020-01-04'),
(1, 9, 'PRESENT', 12, '2020-01-05'),
(1, 10, 'PRESENT', 13, '2020-01-06'),
(1, 11, 'PRESENT', 14, '2020-01-07'),
(1, 12, 'ABSENT', null, '2020-01-08'),
(1, 13, 'PRESENT', 16, '2020-01-09'),
(1, 14, 'PRESENT', 17, '2020-01-10'),
(1, 15, 'ABSENT', null, '2020-01-12'),
(1, 16, 'PRESENT', 19, '2020-01-12'),
(1, 17, 'PRESENT', 20, '2020-01-13'),
(1, 18, 'ABSENT', null, '2020-01-14');